"price","street","date"
11500,"FIR STREET","1995-01-01 00:00:00"
16000,"LUTON STREET","1995-01-01 00:00:00"
17000,"WESTLANDS ROAD","1995-01-01 00:00:00"
17000,"HOTHAM ROAD SOUTH","1995-01-01 00:00:00"
17000,"WESTLANDS ROAD","1995-01-01 00:00:00"
18500,"FIRST LANE","1995-01-01 00:00:00"
23000,"SCOTLAND ROAD","1995-01-01 00:00:00"
28000,"GEORGE STREET","1995-01-01 00:00:00"
28500,"WEST VIEW","1995-01-01 00:00:00"
29500,"DOBSONS CLOSE","1995-01-01 00:00:00"
34950,"CHARNWOOD ROAD","1995-01-01 00:00:00"
35000,"MIDDLEWAY AVENUE","1995-01-01 00:00:00"
35000,"ALEXANDRA ROAD","1995-01-01 00:00:00"
35000,"THE COMMON","1995-01-01 00:00:00"
35750,"UPPER PARLIAMENT STREET","1995-01-01 00:00:00"
36000,"MOSLEY ROAD","1995-01-01 00:00:00"
37000,"JOSIAH ROAD","1995-01-01 00:00:00"
40000,"LOMOND CLOSE","1995-01-01 00:00:00"
40000,"NEW STREET","1995-01-01 00:00:00"
41000,"BODIAM AVENUE","1995-01-01 00:00:00"
43000,"HAWKSTONE CLOSE","1995-01-01 00:00:00"
43000,"SAXMUNDHAM ROAD","1995-01-01 00:00:00"
47000,"MAES YR EFAIL","1995-01-01 00:00:00"
49000,"BARROWMEAD DRIVE","1995-01-01 00:00:00"
49000,"TOWN GATE DRIVE","1995-01-01 00:00:00"
50000,"TOWN CROSS AVENUE","1995-01-01 00:00:00"
50000,"JOYES ROAD","1995-01-01 00:00:00"
50000,"MERIDIAN VALE","1995-01-01 00:00:00"
50000,"CANADA WAY","1995-01-01 00:00:00"
50000,"ROPE WALK","1995-01-01 00:00:00"
51500,"CANBERRA CLOSE","1995-01-01 00:00:00"
52000,"BUCKINGHAM DRIVE","1995-01-01 00:00:00"
53250,"BOWNESS ROAD","1995-01-01 00:00:00"
54000,"FIRST AVENUE","1995-01-01 00:00:00"
59000,"WEST END LANE","1995-01-01 00:00:00"
59950,"APPLETREE GARDENS","1995-01-01 00:00:00"
61000,"WENTWORTH AVENUE","1995-01-01 00:00:00"
62000,"SHAKESPEARE AVENUE","1995-01-01 00:00:00"
62995,"AUTUMN DRIVE","1995-01-01 00:00:00"
70495,"COMMERCIAL ROAD","1995-01-01 00:00:00"
70500,"WELLINGTON ROAD","1995-01-01 00:00:00"
72000,"ALBERT ROAD","1995-01-01 00:00:00"
77000,"THE GRANGE","1995-01-01 00:00:00"
80000,"LE PERSONNE ROAD","1995-01-01 00:00:00"
84000,"TOURNAY ROAD","1995-01-01 00:00:00"
85000,"EMMANUEL ROAD","1995-01-01 00:00:00"
94000,"SUTHERLAND COURT GARDENS","1995-01-01 00:00:00"
97995,"GRAYSON CLOSE","1995-01-01 00:00:00"
105000,"FULLERS VALE","1995-01-01 00:00:00"
117000,"CROWBOROUGH ROAD","1995-01-01 00:00:00"
125000,"LARK HALL ROAD","1995-01-01 00:00:00"
128000,"GLOUCESTER GARDENS","1995-01-01 00:00:00"
160000,"HORN LANE","1995-01-01 00:00:00"
162500,"MAIN STREET","1995-01-01 00:00:00"
165500,"BITTELL ROAD","1995-01-01 00:00:00"
300000,"SOMERSET ROAD","1995-01-01 00:00:00"
5420,"CORNLAND","1995-01-02 00:00:00"
6000,"MINTO STREET","1995-01-02 00:00:00"
10000,"CLIVE STREET","1995-01-02 00:00:00"
10000,"ALLENDALE CRESCENT","1995-01-02 00:00:00"
11840,"SYCAMORE AVENUE","1995-01-02 00:00:00"
12000,"LOCKING ROAD","1995-01-02 00:00:00"
12500,"VICTORIA ROAD","1995-01-02 00:00:00"
13000,"RYEBANK GROVE","1995-01-02 00:00:00"
13000,"JOHN OFFLEY ROAD","1995-01-02 00:00:00"
14000,"REDCAR ROAD","1995-01-02 00:00:00"
14950,"FLEET STREET","1995-01-02 00:00:00"
15700,"BIGGIN HILL","1995-01-02 00:00:00"
16000,"CHURTON STREET","1995-01-02 00:00:00"
18000,"VICTORIA STREET","1995-01-02 00:00:00"
20000,"PYM STREET","1995-01-02 00:00:00"
23500,"PARLIAMENT STREET","1995-01-02 00:00:00"
24000,"ALWOLD ROAD","1995-01-02 00:00:00"
24750,"YARLINGTON CLOSE","1995-01-02 00:00:00"
30000,"FLORENCE ROAD","1995-01-02 00:00:00"
33000,"BIRDBROOK ROAD","1995-01-02 00:00:00"
33700,"CROFT VIEW","1995-01-02 00:00:00"
35000,"BIRMINGHAM ROAD","1995-01-02 00:00:00"
35000,"ADNITT ROAD","1995-01-02 00:00:00"
36000,"VICTORIA ROAD","1995-01-02 00:00:00"
36600,"LISBON ROAD","1995-01-02 00:00:00"
39000,"MOSS STREET","1995-01-02 00:00:00"
39000,"WASHBROOK AVENUE","1995-01-02 00:00:00"
40000,"CHALKWELL PARK DRIVE","1995-01-02 00:00:00"
40000,"HUMBER KEEL","1995-01-02 00:00:00"
40000,"CHEW VALLEY ROAD","1995-01-02 00:00:00"
41000,"DOWNS PARK ROAD","1995-01-02 00:00:00"
42500,"HEADLEY DRIVE","1995-01-02 00:00:00"
42500,"GRAHAM STREET","1995-01-02 00:00:00"
44000,"TICONDEROGA GARDENS","1995-01-02 00:00:00"
44000,"HOLBECK ROW","1995-01-02 00:00:00"
45000,"HIGH STREET","1995-01-02 00:00:00"
45495,"PRESTATYN CLOSE","1995-01-02 00:00:00"
47000,"WELLS PROMENADE","1995-01-02 00:00:00"
47850,"WISTERIA AVENUE","1995-01-02 00:00:00"
48950,"WALTON DRIVE","1995-01-02 00:00:00"
49950,"PEACH AVENUE","1995-01-02 00:00:00"
51500,"POPLAR CRESCENT","1995-01-02 00:00:00"
51995,"JORDAN CLOSE","1995-01-02 00:00:00"
53750,"DRAKE CLOSE","1995-01-02 00:00:00"
57000,"SELLWOOD DRIVE","1995-01-02 00:00:00"
57500,"BLENHEIM TERRACE","1995-01-02 00:00:00"
59000,"VERNON CRESCENT","1995-01-02 00:00:00"
59950,"RADLEY ROAD","1995-01-02 00:00:00"
62000,"KNUTSFORD ROAD","1995-01-02 00:00:00"
62000,"KNUTSFORD ROAD","1995-01-02 00:00:00"
65000,"FANE ROAD","1995-01-02 00:00:00"
73700,"EAST BUDLEIGH ROAD","1995-01-02 00:00:00"
75000,"","1995-01-02 00:00:00"
79000,"GRANVILLE WAY","1995-01-02 00:00:00"
85000,"HOLYPORT STREET","1995-01-02 00:00:00"
90000,"RICHMOND ROAD","1995-01-02 00:00:00"
95000,"HIGH STREET","1995-01-02 00:00:00"
95950,"BALMORAL WAY","1995-01-02 00:00:00"
96500,"BELMOUNT AVENUE","1995-01-02 00:00:00"
102000,"WOODLANDS AVENUE","1995-01-02 00:00:00"
106500,"REDGATE ROAD","1995-01-02 00:00:00"
115000,"TILMORE GARDENS","1995-01-02 00:00:00"
126000,"SEVEN SISTERS CLOSE","1995-01-02 00:00:00"
185000,"RAVENSLEA ROAD","1995-01-02 00:00:00"
199995,"CARDIFF WAY","1995-01-02 00:00:00"
254000,"DELVINO ROAD","1995-01-02 00:00:00"
830000,"FURNIVAL STREET","1995-01-02 00:00:00"
830000,"FURNIVAL STREET","1995-01-02 00:00:00"
5122,"NORTH VIEW ROAD","1995-01-03 00:00:00"
8000,"BEL AIR ESTATE","1995-01-03 00:00:00"
8000,"STATION ROAD","1995-01-03 00:00:00"
8800,"LLANRHYD","1995-01-03 00:00:00"
10000,"BLANTYRE ROAD","1995-01-03 00:00:00"
10000,"LEEDS ROAD","1995-01-03 00:00:00"
10000,"BYRON AVENUE","1995-01-03 00:00:00"
10000,"WESTMINSTER TERRACE","1995-01-03 00:00:00"
10000,"MOUNT PLEASANT ROAD","1995-01-03 00:00:00"
11500,"MARY STREET","1995-01-03 00:00:00"
11750,"EDITH STREET","1995-01-03 00:00:00"
12000,"FOUNTAIN STREET","1995-01-03 00:00:00"
12000,"ALBEMARLE STREET","1995-01-03 00:00:00"
12000,"LONDON ROAD","1995-01-03 00:00:00"
12000,"WEST END ROAD","1995-01-03 00:00:00"
13000,"BELLE VUE COURT","1995-01-03 00:00:00"
13000,"QUEENS ROAD","1995-01-03 00:00:00"
13369,"BARN CLOSE","1995-01-03 00:00:00"
13500,"BRAMSTON STREET","1995-01-03 00:00:00"
14000,"WOODCHURCH ROAD","1995-01-03 00:00:00"
14000,"BALMORAL ROAD","1995-01-03 00:00:00"
14000,"","1995-01-03 00:00:00"
14000,"THOMPSON ROAD","1995-01-03 00:00:00"
14000,"VICTORIA STREET","1995-01-03 00:00:00"
14000,"BEECHWOOD GARDENS","1995-01-03 00:00:00"
14500,"VICTOR STREET","1995-01-03 00:00:00"
15000,"FLORENCE ROAD","1995-01-03 00:00:00"
15000,"FENNEL GROVE","1995-01-03 00:00:00"
15000,"STOCKTON ROAD","1995-01-03 00:00:00"
15000,"EASTGATE","1995-01-03 00:00:00"
15250,"LAPWING ROAD","1995-01-03 00:00:00"
15250,"KENELM ROAD","1995-01-03 00:00:00"
15449,"WILLIAM COWPER CLOSE","1995-01-03 00:00:00"
15500,"WILLMORE ROAD","1995-01-03 00:00:00"
15500,"CRABB STREET","1995-01-03 00:00:00"
15500,"MAKER VIEW","1995-01-03 00:00:00"
15500,"NORTH CIRCULAR ROAD","1995-01-03 00:00:00"
16000,"MOLYNEUX ROAD","1995-01-03 00:00:00"
16000,"CLAREMONT STREET","1995-01-03 00:00:00"
16000,"MAPLE CLOSE","1995-01-03 00:00:00"
17000,"LANGTON STREET","1995-01-03 00:00:00"
17000,"DALLAS STREET","1995-01-03 00:00:00"
17500,"WOODFIELD AVENUE","1995-01-03 00:00:00"
17500,"HEDWORTH LANE","1995-01-03 00:00:00"
17750,"WARDLEWORTH WAY","1995-01-03 00:00:00"
18000,"LONGFIELD ROAD","1995-01-03 00:00:00"
18000,"SANDAL STREET","1995-01-03 00:00:00"
18000,"BOWDEN HILL","1995-01-03 00:00:00"
18000,"WHEELER STREET","1995-01-03 00:00:00"
18000,"TRAFFORD ROAD","1995-01-03 00:00:00"
18500,"ELMHAM ROAD","1995-01-03 00:00:00"
18500,"GWYDR PLACE","1995-01-03 00:00:00"
18750,"HILL VIEW COURT","1995-01-03 00:00:00"
19000,"ALFRED STREET","1995-01-03 00:00:00"
19000,"LYNTON GROVE","1995-01-03 00:00:00"
19000,"WILLIAMS ROAD","1995-01-03 00:00:00"
19000,"QUEEN STREET","1995-01-03 00:00:00"
19500,"KENILWORTH COURT","1995-01-03 00:00:00"
19500,"HARTINGTON ROAD","1995-01-03 00:00:00"
20000,"NORLAND STREET","1995-01-03 00:00:00"
20000,"FERMOR WAY","1995-01-03 00:00:00"
20000,"CONGLETON ROAD","1995-01-03 00:00:00"
20000,"HIGH STREET","1995-01-03 00:00:00"
20000,"KINGS ROAD","1995-01-03 00:00:00"
20000,"WEST HENDON BROADWAY","1995-01-03 00:00:00"
20000,"PORTWAY","1995-01-03 00:00:00"
20000,"SILVER STREET","1995-01-03 00:00:00"
20250,"ST NICHOLAS ROAD","1995-01-03 00:00:00"
20250,"CROSSBECK ROAD","1995-01-03 00:00:00"
20350,"PERCIVAL STREET","1995-01-03 00:00:00"
20500,"ORFORD ROAD","1995-01-03 00:00:00"
21000,"ALBERT STREET","1995-01-03 00:00:00"
21000,"ST HELENS ROAD","1995-01-03 00:00:00"
21000,"MATLOCK AVENUE","1995-01-03 00:00:00"
21000,"NEASDEN LANE NORTH","1995-01-03 00:00:00"
21500,"CREEDY GARDENS","1995-01-03 00:00:00"
21500,"FAREBROTHER STREET","1995-01-03 00:00:00"
21625,"PINE STREET SOUTH","1995-01-03 00:00:00"
21750,"GILGAL","1995-01-03 00:00:00"
22000,"WENSLEYDALE PARADE","1995-01-03 00:00:00"
22000,"SOUTHVIEW DRIVE","1995-01-03 00:00:00"
22000,"EASTLAND ROAD","1995-01-03 00:00:00"
22000,"LOXHAM STREET","1995-01-03 00:00:00"
22000,"CRABB STREET","1995-01-03 00:00:00"
22000,"WOOLMAN ROAD","1995-01-03 00:00:00"
22000,"CHATTERTON ROAD","1995-01-03 00:00:00"
22500,"DAVIDS ROAD","1995-01-03 00:00:00"
22500,"COAST ROAD","1995-01-03 00:00:00"
23000,"ERROL STREET","1995-01-03 00:00:00"
23000,"RAILWAY COTTAGES","1995-01-03 00:00:00"
23881,"PAGE STREET","1995-01-03 00:00:00"
24000,"PARLIAMENT ROAD","1995-01-03 00:00:00"
24000,"SHEARDOWN STREET","1995-01-03 00:00:00"
24000,"LYMINGTON ROAD","1995-01-03 00:00:00"
24000,"MOOR STREET","1995-01-03 00:00:00"
24000,"COMMERCIAL STREET","1995-01-03 00:00:00"
24250,"WESTERN ROAD","1995-01-03 00:00:00"
24500,"GRANT ROAD","1995-01-03 00:00:00"
24500,"DASHWOOD STREET","1995-01-03 00:00:00"
25000,"CHARLOTTE COURT","1995-01-03 00:00:00"
25000,"BRAMWELL STREET","1995-01-03 00:00:00"
25000,"COWLEY ROAD","1995-01-03 00:00:00"
25000,"GRANDISON STREET","1995-01-03 00:00:00"
25000,"BRAEMAR AVENUE","1995-01-03 00:00:00"
25000,"GLOUCESTER CLOSE","1995-01-03 00:00:00"
25000,"LANCASTER STREET","1995-01-03 00:00:00"
25500,"WYNDHURST ROAD","1995-01-03 00:00:00"
25500,"LANCASHIRE STREET","1995-01-03 00:00:00"
26000,"UTTOXETER ROAD","1995-01-03 00:00:00"
26000,"PARLIAMENT ROAD","1995-01-03 00:00:00"
26000,"NEWTON STREET","1995-01-03 00:00:00"
26000,"WODEN ROAD","1995-01-03 00:00:00"
26000,"ROMAN ROAD","1995-01-03 00:00:00"
26000,"BANK TOP","1995-01-03 00:00:00"
26421,"HULMES ROAD","1995-01-03 00:00:00"
26500,"JESSAMINE ROAD","1995-01-03 00:00:00"
27000,"LIVINGSTONE ROAD","1995-01-03 00:00:00"
27000,"ASHENHURST ROAD","1995-01-03 00:00:00"
27000,"BRIGHT STREET","1995-01-03 00:00:00"
27500,"CLIFF TERRACE","1995-01-03 00:00:00"
28000,"RIDLINGTON WAY","1995-01-03 00:00:00"
28000,"CHAPEL STREET","1995-01-03 00:00:00"
28000,"BORINGDON ROAD","1995-01-03 00:00:00"
28000,"PROSPECT ROAD","1995-01-03 00:00:00"
28000,"BATH PLACE","1995-01-03 00:00:00"
28000,"RAMSAY CLOSE","1995-01-03 00:00:00"
28000,"HIGH ROAD","1995-01-03 00:00:00"
28000,"GROVELAND AVENUE","1995-01-03 00:00:00"
28000,"COPPINS ROAD","1995-01-03 00:00:00"
28000,"LINDFIELD ROAD","1995-01-03 00:00:00"
28000,"CRAVENDALE ROAD","1995-01-03 00:00:00"
28250,"CUDWORTH ROAD","1995-01-03 00:00:00"
28500,"QUEEN STREET","1995-01-03 00:00:00"
28500,"EAST STREET","1995-01-03 00:00:00"
28500,"HAWTHORNE TERRACE","1995-01-03 00:00:00"
28500,"CORONATION TERRACE","1995-01-03 00:00:00"
28500,"WEST STREET","1995-01-03 00:00:00"
29000,"HAMSTERLEY CRESCENT","1995-01-03 00:00:00"
29000,"GARDNER ROAD","1995-01-03 00:00:00"
29000,"KEYHAM STREET","1995-01-03 00:00:00"
29000,"ROCKMOUNT CLOSE","1995-01-03 00:00:00"
29500,"REGINALD ROAD","1995-01-03 00:00:00"
29500,"TOWER STREET","1995-01-03 00:00:00"
29500,"HAWTHORN STREET","1995-01-03 00:00:00"
29995,"MILTON STREET","1995-01-03 00:00:00"
30000,"ALPINE TERRACE","1995-01-03 00:00:00"
30000,"ST THEODORS COURT","1995-01-03 00:00:00"
30000,"RAND STREET","1995-01-03 00:00:00"
30000,"LANGNEY ROAD","1995-01-03 00:00:00"
30000,"","1995-01-03 00:00:00"
30000,"","1995-01-03 00:00:00"
30000,"THROSTLE HILL","1995-01-03 00:00:00"
30000,"CHURCH STREET","1995-01-03 00:00:00"
30000,"LONDON ROAD","1995-01-03 00:00:00"
30000,"BURNS AVENUE","1995-01-03 00:00:00"
30000,"ADDISON ROAD","1995-01-03 00:00:00"
30000,"TOP ROAD","1995-01-03 00:00:00"
30000,"MOSS LANE","1995-01-03 00:00:00"
30000,"HOLMES STREET","1995-01-03 00:00:00"
30000,"WINTERBOURNE CLOSE","1995-01-03 00:00:00"
30000,"WEST ROAD","1995-01-03 00:00:00"
30000,"FLORENCE ROAD","1995-01-03 00:00:00"
30000,"HOVINGHAM CLOSE","1995-01-03 00:00:00"
30000,"BERRY LANE","1995-01-03 00:00:00"
30000,"COLHAM AVENUE","1995-01-03 00:00:00"
30000,"ADAMSRILL ROAD","1995-01-03 00:00:00"
30000,"LITTLE LANE","1995-01-03 00:00:00"
31000,"NORMANDALE","1995-01-03 00:00:00"
31000,"ORCHARD AVENUE","1995-01-03 00:00:00"
31000,"AISTHORPE ROAD","1995-01-03 00:00:00"
31000,"BUSH STREET","1995-01-03 00:00:00"
31000,"WOLFA STREET","1995-01-03 00:00:00"
31125,"SMEDLEY STREET","1995-01-03 00:00:00"
31500,"NEWPORT ROAD","1995-01-03 00:00:00"
31500,"CHAMPERNOWNE CRESCENT","1995-01-03 00:00:00"
31500,"GROVEHILL ROAD","1995-01-03 00:00:00"
31500,"PARC TERRACE","1995-01-03 00:00:00"
31750,"STONOR COURT","1995-01-03 00:00:00"
31875,"WADHAM ROAD","1995-01-03 00:00:00"
32000,"KING STREET","1995-01-03 00:00:00"
32000,"SHERWOOD ROAD","1995-01-03 00:00:00"
32000,"BROOKLANDS LANE","1995-01-03 00:00:00"
32000,"LIVERPOOL COURT","1995-01-03 00:00:00"
32000,"SUMMER LANE","1995-01-03 00:00:00"
32000,"ST MARYS GROVE","1995-01-03 00:00:00"
32000,"SHOREHAM STREET","1995-01-03 00:00:00"
32000,"ELMGROVE ROAD","1995-01-03 00:00:00"
32000,"ALFRETON ROAD","1995-01-03 00:00:00"
32000,"LOMOND GROVE","1995-01-03 00:00:00"
32000,"LINCOLN ROAD","1995-01-03 00:00:00"
32250,"THE PRECINCT","1995-01-03 00:00:00"
32250,"WALL STREET","1995-01-03 00:00:00"
32600,"PARKFIELD ROAD","1995-01-03 00:00:00"
33000,"HALKYN STREET","1995-01-03 00:00:00"
33000,"LINDSAY TERRACE","1995-01-03 00:00:00"
33000,"LEYCROFT ROAD","1995-01-03 00:00:00"
33000,"STANPIT","1995-01-03 00:00:00"
33000,"EAST STREET","1995-01-03 00:00:00"
33500,"DUNDAS TERRACE","1995-01-03 00:00:00"
33500,"NIXON TERRACE","1995-01-03 00:00:00"
33500,"BURNSIDE ROAD","1995-01-03 00:00:00"
33500,"OAK STREET","1995-01-03 00:00:00"
34000,"CARLISLE PLACE","1995-01-03 00:00:00"
34000,"CLEVELAND ROAD","1995-01-03 00:00:00"
34000,"HAREWOOD AVENUE","1995-01-03 00:00:00"
34000,"WOODSLEY AVENUE","1995-01-03 00:00:00"
34000,"RAGLAN","1995-01-03 00:00:00"
34000,"BELVERE AVENUE","1995-01-03 00:00:00"
34000,"WATERHEAD CLOSE","1995-01-03 00:00:00"
34000,"MAIN ROAD","1995-01-03 00:00:00"
34000,"SOUTH TERRACE","1995-01-03 00:00:00"
34000,"MOOR STREET","1995-01-03 00:00:00"
34000,"PARNALL ROAD","1995-01-03 00:00:00"
34000,"BRIDGE ROAD","1995-01-03 00:00:00"
34000,"GERTRUDE ROAD","1995-01-03 00:00:00"
34000,"PELHAM ROAD","1995-01-03 00:00:00"
34250,"EGERTON STREET","1995-01-03 00:00:00"
34400,"VAUXHALL STREET","1995-01-03 00:00:00"
34500,"KITCHENER STREET","1995-01-03 00:00:00"
34500,"SEDDON STREET","1995-01-03 00:00:00"
34500,"TOYNE STREET","1995-01-03 00:00:00"
34500,"TRAFALGAR ROAD","1995-01-03 00:00:00"
34750,"HALL MEADOW DRIVE","1995-01-03 00:00:00"
34950,"CLIFTON STREET","1995-01-03 00:00:00"
35000,"MANCHESTER ROAD","1995-01-03 00:00:00"
35000,"SHERBORNE ROAD","1995-01-03 00:00:00"
35000,"ADDISON ROAD","1995-01-03 00:00:00"
35000,"FALCONS WAY","1995-01-03 00:00:00"
35000,"ROSSALL STREET","1995-01-03 00:00:00"
35000,"HALL LANE","1995-01-03 00:00:00"
35000,"SEVERN ROAD","1995-01-03 00:00:00"
35000,"WATERMEAD ROAD","1995-01-03 00:00:00"
35000,"WEDLANDS","1995-01-03 00:00:00"
35000,"HILLFIELD ROAD","1995-01-03 00:00:00"
35000,"WALSHAW ROAD","1995-01-03 00:00:00"
35500,"LONGROYD CRESCENT","1995-01-03 00:00:00"
35500,"CLARKE AVENUE","1995-01-03 00:00:00"
35500,"DEANS ROAD","1995-01-03 00:00:00"
35500,"MEADWAY COURT","1995-01-03 00:00:00"
35750,"TYNE STREET","1995-01-03 00:00:00"
36000,"HEATHERSET WAY","1995-01-03 00:00:00"
36000,"PARK ROAD","1995-01-03 00:00:00"
36000,"ALUNDALE ROAD","1995-01-03 00:00:00"
36000,"TWIST LANE","1995-01-03 00:00:00"
36000,"RADCLIFFE ROAD","1995-01-03 00:00:00"
36250,"BRENDON WAY","1995-01-03 00:00:00"
36500,"MEADOWSWEET","1995-01-03 00:00:00"
36500,"OTLEY ROAD","1995-01-03 00:00:00"
36500,"HOLMBURY GROVE","1995-01-03 00:00:00"
36950,"BARMOUTH TERRACE","1995-01-03 00:00:00"
36995,"HAWTHORN AVENUE","1995-01-03 00:00:00"
37000,"WESTON ROAD","1995-01-03 00:00:00"
37000,"KENNARD TERRACE","1995-01-03 00:00:00"
37000,"BROOK STREET","1995-01-03 00:00:00"
37000,"HOPWOOD STREET","1995-01-03 00:00:00"
37000,"CHEADLE ROAD","1995-01-03 00:00:00"
37000,"KENILWORTH WAY","1995-01-03 00:00:00"
37000,"PARK VIEW TERRACE","1995-01-03 00:00:00"
37000,"CERNAN COURT","1995-01-03 00:00:00"
37000,"BASSETT STREET","1995-01-03 00:00:00"
37000,"BARLOW MOOR ROAD","1995-01-03 00:00:00"
37000,"FURNHAM ROAD","1995-01-03 00:00:00"
37500,"DOWNING STREET","1995-01-03 00:00:00"
37500,"THE BARROWS","1995-01-03 00:00:00"
37750,"TILWORTH ROAD","1995-01-03 00:00:00"
37950,"MORRIS CLOSE","1995-01-03 00:00:00"
38000,"SUFFOLK PLACE","1995-01-03 00:00:00"
38000,"CHURCH FIELDS","1995-01-03 00:00:00"
38000,"VICARAGE LANE","1995-01-03 00:00:00"
38000,"BEULAH ROAD","1995-01-03 00:00:00"
38000,"ALDENHAM ROAD","1995-01-03 00:00:00"
38000,"BEECH ROAD","1995-01-03 00:00:00"
38000,"BROWNING ROAD","1995-01-03 00:00:00"
38000,"LONGWORTH AVENUE","1995-01-03 00:00:00"
38000,"ST GEORGES ESTATE ROAD","1995-01-03 00:00:00"
38000,"LANGDALE STREET","1995-01-03 00:00:00"
38000,"ST ANDREWS DRIVE","1995-01-03 00:00:00"
38000,"BADDOW ROAD","1995-01-03 00:00:00"
38000,"HAMLET GARDENS","1995-01-03 00:00:00"
38000,"VICTOR ROAD","1995-01-03 00:00:00"
38000,"COPPER BEECH DRIVE","1995-01-03 00:00:00"
38500,"MAYFLOWER AVENUE","1995-01-03 00:00:00"
38500,"SANDERSON CLOSE","1995-01-03 00:00:00"
38750,"BRYN ROAD","1995-01-03 00:00:00"
38950,"PORTOBELLO STREET","1995-01-03 00:00:00"
39000,"SOUTHEND ROAD","1995-01-03 00:00:00"
39000,"WEST TERRACE","1995-01-03 00:00:00"
39000,"NEWHOUSE CLOSE","1995-01-03 00:00:00"
39000,"REDWING DRIVE","1995-01-03 00:00:00"
39000,"DEVEREAUX CRESCENT","1995-01-03 00:00:00"
39000,"HEATH ROAD","1995-01-03 00:00:00"
39000,"THE BIRCHES","1995-01-03 00:00:00"
39000,"HONEYSUCKLE CLOSE","1995-01-03 00:00:00"
39000,"MCLEAN DRIVE","1995-01-03 00:00:00"
39000,"AVENUE ROAD","1995-01-03 00:00:00"
39000,"PAVILION DRIVE","1995-01-03 00:00:00"
39250,"MAIDA VALE TERRACE","1995-01-03 00:00:00"
39500,"LANCASTER AVENUE","1995-01-03 00:00:00"
39500,"TENNISON COURT","1995-01-03 00:00:00"
39500,"SALISBURY STREET","1995-01-03 00:00:00"
39500,"BROCKWOOD CLOSE","1995-01-03 00:00:00"
39500,"NORTON ROAD","1995-01-03 00:00:00"
39500,"CHURCH MEADOW","1995-01-03 00:00:00"
39500,"LYNDALE ROAD","1995-01-03 00:00:00"
39750,"SANDY LANE","1995-01-03 00:00:00"
39950,"GEORGE STREET","1995-01-03 00:00:00"
39950,"ROSEDALE AVENUE","1995-01-03 00:00:00"
40000,"GOLDSBOROUGH","1995-01-03 00:00:00"
40000,"EDGEWORTH CRESCENT","1995-01-03 00:00:00"
40000,"SOUTH TERRACE","1995-01-03 00:00:00"
40000,"CAUNTER ROAD","1995-01-03 00:00:00"
40000,"CLIFTON DOWN ROAD","1995-01-03 00:00:00"
40000,"ETON ROAD","1995-01-03 00:00:00"
40000,"NEWMARKET ROAD","1995-01-03 00:00:00"
40000,"LANGLEY ROAD","1995-01-03 00:00:00"
40000,"LOWER ROAD","1995-01-03 00:00:00"
40000,"HOLYROOD DRIVE","1995-01-03 00:00:00"
40000,"PARK CLOSE","1995-01-03 00:00:00"
40000,"CHAPEL STREET","1995-01-03 00:00:00"
40000,"KENWOOD AVENUE","1995-01-03 00:00:00"
40000,"TUDOR ROAD","1995-01-03 00:00:00"
40000,"FITZROY AVENUE","1995-01-03 00:00:00"
40000,"BRIDGE STREET","1995-01-03 00:00:00"
40000,"KILLEWARREN WAY","1995-01-03 00:00:00"
40000,"POYNTER ROAD","1995-01-03 00:00:00"
40000,"CARTERS CLOSE","1995-01-03 00:00:00"
40000,"STOWE CRESCENT","1995-01-03 00:00:00"
40350,"","1995-01-03 00:00:00"
40500,"VALLEY VIEW","1995-01-03 00:00:00"
40500,"GUERNSEY CLOSE","1995-01-03 00:00:00"
40890,"LOXLEY DRIVE","1995-01-03 00:00:00"
40890,"LOXLEY DRIVE","1995-01-03 00:00:00"
40890,"LOXLEY DRIVE","1995-01-03 00:00:00"
40950,"SALSTAR CLOSE","1995-01-03 00:00:00"
41000,"HIGHMOOR ROAD","1995-01-03 00:00:00"
41000,"PERTH","1995-01-03 00:00:00"
41000,"CRANSTON AVENUE","1995-01-03 00:00:00"
41000,"STAFFORD STREET","1995-01-03 00:00:00"
41500,"WANTAGE ROAD","1995-01-03 00:00:00"
41500,"SMITHFIELD ROAD","1995-01-03 00:00:00"
41750,"STORNOWAY ROAD","1995-01-03 00:00:00"
42000,"BRUNSWICK STREET","1995-01-03 00:00:00"
42000,"MULLER AVENUE","1995-01-03 00:00:00"
42000,"MANCHESTER ROAD","1995-01-03 00:00:00"
42000,"SKELTON ROAD","1995-01-03 00:00:00"
42000,"ACRES LANE","1995-01-03 00:00:00"
42000,"WINDRUSH CLOSE","1995-01-03 00:00:00"
42000,"NUNNS CLOSE","1995-01-03 00:00:00"
42000,"ST GEORGES AVENUE","1995-01-03 00:00:00"
42000,"HOLCOMBE ROAD","1995-01-03 00:00:00"
42250,"HOLLY BANK","1995-01-03 00:00:00"
42500,"COTTON HILL","1995-01-03 00:00:00"
42500,"DUNFORD ROAD","1995-01-03 00:00:00"
42500,"MILLERS CLOSE","1995-01-03 00:00:00"
42500,"SANTOLINA DRIVE","1995-01-03 00:00:00"
42500,"ST HILDA STREET","1995-01-03 00:00:00"
42500,"BURLEIGH ROAD","1995-01-03 00:00:00"
42500,"APPLEWOOD PLACE","1995-01-03 00:00:00"
43000,"ORPHANAGE ROAD","1995-01-03 00:00:00"
43000,"ROWANS WAY","1995-01-03 00:00:00"
43000,"MILE END ROAD","1995-01-03 00:00:00"
43000,"DEANS CLOSE","1995-01-03 00:00:00"
43000,"SUMMERS AVENUE","1995-01-03 00:00:00"
43000,"ST STEPHENS ROAD","1995-01-03 00:00:00"
43000,"HIGH STREET","1995-01-03 00:00:00"
43000,"WYMUNDSLEY","1995-01-03 00:00:00"
43000,"EILEEN AVENUE","1995-01-03 00:00:00"
43000,"ST CRISPINS WAY","1995-01-03 00:00:00"
43000,"MANNINGTON PLACE","1995-01-03 00:00:00"
43000,"RUSSET GROVE","1995-01-03 00:00:00"
43000,"PONT YR AFON","1995-01-03 00:00:00"
43000,"HORSLEY STREET","1995-01-03 00:00:00"
43200,"ELIZABETH CLOSE","1995-01-03 00:00:00"
43300,"FLODDEN STREET","1995-01-03 00:00:00"
43500,"SELWORTHY","1995-01-03 00:00:00"
43500,"MANORFIELD","1995-01-03 00:00:00"
43500,"LANSDOWNE WAY","1995-01-03 00:00:00"
43500,"ALL SAINTS ROAD","1995-01-03 00:00:00"
43500,"PHOENIX ROAD","1995-01-03 00:00:00"
43850,"TENNYSON CLOSE","1995-01-03 00:00:00"
43950,"KINGS CLOSE","1995-01-03 00:00:00"
43950,"AMBROSE COURT","1995-01-03 00:00:00"
44000,"CROOK LANE","1995-01-03 00:00:00"
44000,"AXBRIDGE AVENUE","1995-01-03 00:00:00"
44000,"BRYN SEIRI ROAD","1995-01-03 00:00:00"
44000,"ALEXANDRA ROAD","1995-01-03 00:00:00"
44000,"SOUTH LANE GARDENS","1995-01-03 00:00:00"
44000,"SYCAMORE AVENUE","1995-01-03 00:00:00"
44000,"WESLEY COTTAGES","1995-01-03 00:00:00"
44000,"BIRCH GROVE","1995-01-03 00:00:00"
44000,"ALBERT ROAD","1995-01-03 00:00:00"
44000,"LISTER STREET","1995-01-03 00:00:00"
44000,"OXFORD ROAD","1995-01-03 00:00:00"
44100,"ROBIN WAY","1995-01-03 00:00:00"
44250,"STURRY WAY","1995-01-03 00:00:00"
44500,"RHEDYW ROAD","1995-01-03 00:00:00"
44500,"HILL LANE","1995-01-03 00:00:00"
44500,"EADE ROAD","1995-01-03 00:00:00"
44950,"BOXGROVE PRIORY","1995-01-03 00:00:00"
45000,"CASTLE ROAD","1995-01-03 00:00:00"
45000,"","1995-01-03 00:00:00"
45000,"ACREAGE","1995-01-03 00:00:00"
45000,"PERCY GARDENS","1995-01-03 00:00:00"
45000,"MIDDLE TOUCHES","1995-01-03 00:00:00"
45000,"LANGDALE DRIVE","1995-01-03 00:00:00"
45000,"CLIPSTONE ROAD WEST","1995-01-03 00:00:00"
45000,"BRETTON","1995-01-03 00:00:00"
45000,"VICTORIA CHASE","1995-01-03 00:00:00"
45000,"WYNYARD COURT","1995-01-03 00:00:00"
45000,"BURROWS ROAD","1995-01-03 00:00:00"
45000,"CANVEY CLOSE","1995-01-03 00:00:00"
45000,"CYPRESS ROAD","1995-01-03 00:00:00"
45000,"TREGONY WAY","1995-01-03 00:00:00"
45000,"ST MARKS ROAD","1995-01-03 00:00:00"
45400,"VICTOR STREET","1995-01-03 00:00:00"
45950,"WOODHOUSE ROAD","1995-01-03 00:00:00"
45950,"WOODHOUSE ROAD","1995-01-03 00:00:00"
45950,"LINDISFARNE WAY","1995-01-03 00:00:00"
46000,"BLACKTHORN ROAD","1995-01-03 00:00:00"
46000,"MARKET PLACE","1995-01-03 00:00:00"
46000,"BLACKTHORN ROAD","1995-01-03 00:00:00"
46000,"COVENTRY CLOSE","1995-01-03 00:00:00"
46000,"MOORSIDE ROAD","1995-01-03 00:00:00"
46000,"WILLOW COURT","1995-01-03 00:00:00"
46000,"PARK VIEW COURT","1995-01-03 00:00:00"
46000,"LINDRICK ROAD","1995-01-03 00:00:00"
46000,"NEWINGTON WALK","1995-01-03 00:00:00"
46000,"SPRING BRIDGE ROAD","1995-01-03 00:00:00"
46000,"CARTERS MEAD","1995-01-03 00:00:00"
46000,"HAZEL ROAD","1995-01-03 00:00:00"
46000,"ELMS AVENUE","1995-01-03 00:00:00"
46500,"FOXCROFT","1995-01-03 00:00:00"
46500,"","1995-01-03 00:00:00"
46500,"THE GREEN","1995-01-03 00:00:00"
46500,"MERIDIAN COURT","1995-01-03 00:00:00"
46500,"BICKLEIGH WALK","1995-01-03 00:00:00"
46950,"ADEYFIELD ROAD","1995-01-03 00:00:00"
47000,"MARRIOTT ROAD","1995-01-03 00:00:00"
47000,"WOODSIDE ROAD","1995-01-03 00:00:00"
47000,"BENNETTS ROAD SOUTH","1995-01-03 00:00:00"
47000,"PARK HILL","1995-01-03 00:00:00"
47000,"LOWER STONE STREET","1995-01-03 00:00:00"
47000,"CHESTNUT AVENUE SOUTH","1995-01-03 00:00:00"
47000,"LEELAND WAY","1995-01-03 00:00:00"
47000,"BROADFLEET CLOSE","1995-01-03 00:00:00"
47000,"ST NICHOLAS CLOSE","1995-01-03 00:00:00"
47250,"BROOKSIDE","1995-01-03 00:00:00"
47300,"MILL LANE","1995-01-03 00:00:00"
47500,"BYTHORN CLOSE","1995-01-03 00:00:00"
47500,"DEER PARK","1995-01-03 00:00:00"
47500,"CONNAUGHT MEWS","1995-01-03 00:00:00"
47500,"ALKINGTON ROAD","1995-01-03 00:00:00"
48000,"BEXHILL CLOSE","1995-01-03 00:00:00"
48000,"VICTORIA ROAD","1995-01-03 00:00:00"
48000,"BRANTWOOD COURT","1995-01-03 00:00:00"
48000,"THE RISE","1995-01-03 00:00:00"
48000,"DALESIDE CLOSE","1995-01-03 00:00:00"
48000,"LOMBARDY RISE","1995-01-03 00:00:00"
48000,"CARDIFF ROAD","1995-01-03 00:00:00"
48000,"LONDON ROAD","1995-01-03 00:00:00"
48500,"SANDBACH ROAD","1995-01-03 00:00:00"
48500,"BROADWAY","1995-01-03 00:00:00"
48500,"WALKDEN AVENUE","1995-01-03 00:00:00"
48500,"DOREEN AVENUE","1995-01-03 00:00:00"
48500,"ELTON ROAD","1995-01-03 00:00:00"
48500,"ALDEBURGH CLOSE","1995-01-03 00:00:00"
48995,"BRETTON AVENUE","1995-01-03 00:00:00"
49000,"CHURCH WALK","1995-01-03 00:00:00"
49000,"HEATH CRESCENT","1995-01-03 00:00:00"
49000,"GLADE ROAD","1995-01-03 00:00:00"
49000,"ACORN AVENUE","1995-01-03 00:00:00"
49000,"WINDSOR ROAD","1995-01-03 00:00:00"
49000,"POWERSCROFT ROAD","1995-01-03 00:00:00"
49000,"LAUREL AVENUE","1995-01-03 00:00:00"
49500,"PIPITS MEADOW","1995-01-03 00:00:00"
49950,"HADFIELD CLOSE","1995-01-03 00:00:00"
49995,"BRITTEN AVENUE","1995-01-03 00:00:00"
50000,"FRONT STREET","1995-01-03 00:00:00"
50000,"SANDRINGHAM CLOSE","1995-01-03 00:00:00"
50000,"MILLSIDE","1995-01-03 00:00:00"
50000,"WHEATLANDS","1995-01-03 00:00:00"
50000,"BIRCHLANDS","1995-01-03 00:00:00"
50000,"MEADOWSWEET ROAD","1995-01-03 00:00:00"
50000,"","1995-01-03 00:00:00"
50000,"SUMMERLEAZE CRESCENT","1995-01-03 00:00:00"
50000,"","1995-01-03 00:00:00"
50000,"NORTHDOWN PARK ROAD","1995-01-03 00:00:00"
50000,"SUGDEN ROAD","1995-01-03 00:00:00"
50000,"CHERRY CROFT","1995-01-03 00:00:00"
50000,"EVESHAM ROAD","1995-01-03 00:00:00"
50000,"ABBEYSTEAD ROAD","1995-01-03 00:00:00"
50250,"HILLBROW LANE","1995-01-03 00:00:00"
50500,"WOODLANDS GROVE","1995-01-03 00:00:00"
50900,"MIDHURST ROAD","1995-01-03 00:00:00"
51000,"TIDY STREET","1995-01-03 00:00:00"
51000,"BABBACOMBE ROAD","1995-01-03 00:00:00"
51000,"ALBERMARLE ROW","1995-01-03 00:00:00"
51000,"KILNMEAD","1995-01-03 00:00:00"
51000,"CHESTNUT DRIVE","1995-01-03 00:00:00"
51250,"PINHOE ROAD","1995-01-03 00:00:00"
51500,"","1995-01-03 00:00:00"
51500,"BARON COURT","1995-01-03 00:00:00"
52000,"LONDON ROAD","1995-01-03 00:00:00"
52000,"PROVIDENCE ROW","1995-01-03 00:00:00"
52000,"NASEBY WAY","1995-01-03 00:00:00"
52000,"KINGS KEEP","1995-01-03 00:00:00"
52000,"RECTORY ROAD","1995-01-03 00:00:00"
52000,"MORTLAKE ROAD","1995-01-03 00:00:00"
52000,"ORCHARD WALK","1995-01-03 00:00:00"
52250,"ST LAURENCE CLOSE","1995-01-03 00:00:00"
52500,"ST GEORGES ROAD","1995-01-03 00:00:00"
52500,"SWAN COURT","1995-01-03 00:00:00"
52500,"GORING STREET","1995-01-03 00:00:00"
52500,"KENTMORE CLOSE","1995-01-03 00:00:00"
53000,"NORMAN CLOSE","1995-01-03 00:00:00"
53000,"WOODBURY AVENUE","1995-01-03 00:00:00"
53000,"WATERLOO ROAD","1995-01-03 00:00:00"
53000,"COMET WAY","1995-01-03 00:00:00"
53000,"CHAPEL ROAD","1995-01-03 00:00:00"
53000,"CAERNARVON CLOSE","1995-01-03 00:00:00"
53000,"EAST STREET","1995-01-03 00:00:00"
53000,"CASTLE STREET","1995-01-03 00:00:00"
53000,"LAPHAMS COURT","1995-01-03 00:00:00"
53000,"SOUTHWOOD GARDENS","1995-01-03 00:00:00"
53000,"RUBY STREET","1995-01-03 00:00:00"
53000,"FORYD ROAD","1995-01-03 00:00:00"
53000,"FULL VIEW","1995-01-03 00:00:00"
53000,"BRACKENDOWN AVENUE","1995-01-03 00:00:00"
53250,"WEDMORE CLOSE","1995-01-03 00:00:00"
53500,"FOLD CROFT","1995-01-03 00:00:00"
53500,"HEATHFIELD ROAD","1995-01-03 00:00:00"
54000,"COLLEGE ROAD","1995-01-03 00:00:00"
54000,"HIGHSANDS AVENUE","1995-01-03 00:00:00"
54000,"GLANYMOR","1995-01-03 00:00:00"
54000,"","1995-01-03 00:00:00"
54000,"GREYDELLS ROAD","1995-01-03 00:00:00"
54000,"EAST ROCHESTER WAY","1995-01-03 00:00:00"
54000,"MILL LANE","1995-01-03 00:00:00"
54000,"SAWYER DRIVE","1995-01-03 00:00:00"
54000,"GAINSBOROUGH CLOSE","1995-01-03 00:00:00"
54000,"COED ONN ROAD","1995-01-03 00:00:00"
54250,"HIGHWORTH ROAD","1995-01-03 00:00:00"
54250,"THE PIKE","1995-01-03 00:00:00"
54500,"ST MARTINS AVENUE","1995-01-03 00:00:00"
54500,"COBBS LANE","1995-01-03 00:00:00"
54625,"NORTHCOTT MOUTH ROAD","1995-01-03 00:00:00"
54950,"KING EDWARDS DRIVE","1995-01-03 00:00:00"
55000,"MINET GARDENS","1995-01-03 00:00:00"
55000,"LOWER FANT ROAD","1995-01-03 00:00:00"
55000,"ALDERLEY ROAD","1995-01-03 00:00:00"
55000,"MOSS LANE","1995-01-03 00:00:00"
55000,"LUNEDALE CLOSE","1995-01-03 00:00:00"
55000,"MIDDLE STREET","1995-01-03 00:00:00"
55000,"ROSEBANK COTTAGES","1995-01-03 00:00:00"
55000,"ENDICOTT ROAD","1995-01-03 00:00:00"
55000,"MANOR COTTAGES","1995-01-03 00:00:00"
55000,"OLD SHACKERLEY LANE","1995-01-03 00:00:00"
55000,"WILLIAM STREET","1995-01-03 00:00:00"
55250,"KENMORE ROAD","1995-01-03 00:00:00"
55500,"LEAHURST ROAD","1995-01-03 00:00:00"
55500,"BROADWAY","1995-01-03 00:00:00"
55500,"NEWBOROUGH ROAD","1995-01-03 00:00:00"
56000,"COULSTON ROAD","1995-01-03 00:00:00"
56000,"RADFORD DRIVE","1995-01-03 00:00:00"
56000,"ARDINGLY DRIVE","1995-01-03 00:00:00"
56000,"WALDORF ROAD","1995-01-03 00:00:00"
56000,"GLYN AVENUE","1995-01-03 00:00:00"
56250,"BEVERLEY ROAD NORTH","1995-01-03 00:00:00"
56500,"CRAYBURY END","1995-01-03 00:00:00"
56750,"BOURNE ROAD","1995-01-03 00:00:00"
56950,"LEVEN AVENUE","1995-01-03 00:00:00"
57000,"MOUNT PARK DRIVE","1995-01-03 00:00:00"
57000,"LEYCROFT ROAD","1995-01-03 00:00:00"
57000,"PRIORY COURT","1995-01-03 00:00:00"
57000,"DOWNS VIEW ROAD","1995-01-03 00:00:00"
57000,"KILBURN CLOSE","1995-01-03 00:00:00"
57000,"BROUGHAM ROAD","1995-01-03 00:00:00"
57000,"CHALFONT DRIVE","1995-01-03 00:00:00"
57000,"PYSONS ROAD","1995-01-03 00:00:00"
57000,"CREST AVENUE","1995-01-03 00:00:00"
57450,"WINDSOR LANE","1995-01-03 00:00:00"
57500,"LATIMER ROAD","1995-01-03 00:00:00"
57500,"PINE CLOSE","1995-01-03 00:00:00"
57500,"ALBERT STREET","1995-01-03 00:00:00"
57750,"SPEAKERS ROAD","1995-01-03 00:00:00"
57950,"ST MELLION CLOSE","1995-01-03 00:00:00"
57950,"HAYFORTH CLOSE","1995-01-03 00:00:00"
58000,"DOVEDALE COURT","1995-01-03 00:00:00"
58000,"WARREN CLOSE","1995-01-03 00:00:00"
58000,"WOODGER CLOSE","1995-01-03 00:00:00"
58000,"EXCHANGE ROAD","1995-01-03 00:00:00"
58000,"ROSLYN AVENUE","1995-01-03 00:00:00"
58000,"HYDRANGEA CLOSE","1995-01-03 00:00:00"
58000,"TALBOT ROAD","1995-01-03 00:00:00"
58000,"POPLAR AVENUE","1995-01-03 00:00:00"
58500,"WHITESTONE DRIVE","1995-01-03 00:00:00"
58500,"ST JUDES AVENUE","1995-01-03 00:00:00"
59000,"THORPE ROAD","1995-01-03 00:00:00"
59000,"HAVERSCROFT CLOSE","1995-01-03 00:00:00"
59000,"PARK ROAD","1995-01-03 00:00:00"
59000,"ICOLD ROAD","1995-01-03 00:00:00"
59000,"GLOUCESTER ROAD","1995-01-03 00:00:00"
59000,"ROMSLEY CLOSE","1995-01-03 00:00:00"
59000,"HILL VIEW ROAD","1995-01-03 00:00:00"
59250,"GRATTON DRIVE","1995-01-03 00:00:00"
59250,"BANGOR CLOSE","1995-01-03 00:00:00"
59500,"CANNING STREET","1995-01-03 00:00:00"
59500,"THE LILYPOOL","1995-01-03 00:00:00"
59500,"CHRISTIAN COURT","1995-01-03 00:00:00"
59700,"KINGSLEY ROAD","1995-01-03 00:00:00"
59750,"REDBURN CRESCENT","1995-01-03 00:00:00"
59950,"MERLIN CLOSE","1995-01-03 00:00:00"
59950,"OAKLEY CLOSE","1995-01-03 00:00:00"
59950,"FIELD END ROAD","1995-01-03 00:00:00"
59995,"CONINGTON ROAD","1995-01-03 00:00:00"
59995,"HICKLING CLOSE","1995-01-03 00:00:00"
59995,"BICKNOR ROAD","1995-01-03 00:00:00"
59995,"FRANCIS AVENUE","1995-01-03 00:00:00"
60000,"STANLEY ROAD","1995-01-03 00:00:00"
60000,"SALISBURY ROAD","1995-01-03 00:00:00"
60000,"","1995-01-03 00:00:00"
60000,"WESTHILLS DRIVE","1995-01-03 00:00:00"
60000,"GEOFFREY AVENUE","1995-01-03 00:00:00"
60000,"MARLBOROUGH ROAD","1995-01-03 00:00:00"
60000,"WILKES ROAD","1995-01-03 00:00:00"
60000,"POOLE ROAD","1995-01-03 00:00:00"
60000,"ALFOLD ROAD","1995-01-03 00:00:00"
60000,"HIGH STREET","1995-01-03 00:00:00"
60000,"BRIDGE STREET","1995-01-03 00:00:00"
60000,"HUNTINGDON CLOSE","1995-01-03 00:00:00"
60000,"EDITH VILLAS","1995-01-03 00:00:00"
60000,"BALSALL STREET","1995-01-03 00:00:00"
60000,"THE UPPER DRIVE","1995-01-03 00:00:00"
60000,"EREMUE LANE","1995-01-03 00:00:00"
61000,"TANGMERE GROVE","1995-01-03 00:00:00"
62000,"GRANGE ROAD","1995-01-03 00:00:00"
62000,"IZANE ROAD","1995-01-03 00:00:00"
62000,"MARLBOROUGH ROAD","1995-01-03 00:00:00"
62000,"ASHBURTON GARDENS","1995-01-03 00:00:00"
62000,"CHARLTON PARK","1995-01-03 00:00:00"
62700,"YEW TREE ROAD","1995-01-03 00:00:00"
63000,"CRABTREE ROAD","1995-01-03 00:00:00"
63000,"GABLE AVENUE","1995-01-03 00:00:00"
63000,"DYSON DRIVE","1995-01-03 00:00:00"
63000,"GARDEN TERRACE","1995-01-03 00:00:00"
63000,"THORNTON CLOSE","1995-01-03 00:00:00"
63000,"RAVENSDALE CRESCENT","1995-01-03 00:00:00"
63500,"CASTLE BOULEVARD","1995-01-03 00:00:00"
63500,"PARKHOUSE LANE","1995-01-03 00:00:00"
64000,"TIVERTON CLOSE","1995-01-03 00:00:00"
64000,"PARKLANDS AVENUE","1995-01-03 00:00:00"
64000,"KNIGHTCOTT PARK","1995-01-03 00:00:00"
64000,"HINDOVER ROAD","1995-01-03 00:00:00"
64000,"ST MARTINS CLOSE","1995-01-03 00:00:00"
64000,"WESTON COYNEY ROAD","1995-01-03 00:00:00"
64500,"MADELEY ROAD","1995-01-03 00:00:00"
64500,"SORRENTO GROVE","1995-01-03 00:00:00"
64500,"SWALLOW CLOSE","1995-01-03 00:00:00"
65000,"DEREK AVENUE","1995-01-03 00:00:00"
65000,"DOROTHY AVENUE","1995-01-03 00:00:00"
65000,"PRINCE EDWARD ROAD","1995-01-03 00:00:00"
65000,"STANLEY PARK","1995-01-03 00:00:00"
65000,"KINGSLAND ROAD","1995-01-03 00:00:00"
65000,"VINCENT STREET","1995-01-03 00:00:00"
65000,"WIDEACRE DRIVE","1995-01-03 00:00:00"
65000,"HOMEMEAD DRIVE","1995-01-03 00:00:00"
65000,"BEECHWOOD","1995-01-03 00:00:00"
65000,"PONTARDULAIS ROAD","1995-01-03 00:00:00"
65000,"QUAY ROAD","1995-01-03 00:00:00"
65000,"PAGET STREET","1995-01-03 00:00:00"
65000,"BARNABY CLOSE","1995-01-03 00:00:00"
65000,"ASH WAY","1995-01-03 00:00:00"
65500,"FRIARS","1995-01-03 00:00:00"
65750,"LLWYNMAWR CLOSE","1995-01-03 00:00:00"
65950,"CONSTITUTION HILL GARDENS","1995-01-03 00:00:00"
66000,"MERE CLOSE","1995-01-03 00:00:00"
66000,"KINGSHILL AVENUE","1995-01-03 00:00:00"
66000,"BIRCHWOOD","1995-01-03 00:00:00"
66250,"HYDE PARK CORNER","1995-01-03 00:00:00"
66500,"STATION ROAD","1995-01-03 00:00:00"
66500,"MALLARD CLOSE","1995-01-03 00:00:00"
66625,"HARBUT ROAD","1995-01-03 00:00:00"
67000,"CASTLE HILL","1995-01-03 00:00:00"
67000,"MENDIP GARDENS","1995-01-03 00:00:00"
67000,"QUEENS ROAD","1995-01-03 00:00:00"
67000,"GANTSHILL CRESCENT","1995-01-03 00:00:00"
67000,"ADELAIDE ROAD","1995-01-03 00:00:00"
67250,"FAIRWAY DRIVE","1995-01-03 00:00:00"
67250,"NEWPORT STREET","1995-01-03 00:00:00"
67400,"MCWILLIAM ROAD","1995-01-03 00:00:00"
67500,"WOODLANDS CLOSE","1995-01-03 00:00:00"
67950,"KEYSE CLOSE","1995-01-03 00:00:00"
68000,"DEVONPORT PLACE","1995-01-03 00:00:00"
68000,"MARLBOROUGH ROAD","1995-01-03 00:00:00"
68000,"HUNTINGDON ROAD","1995-01-03 00:00:00"
68000,"HILL ROAD","1995-01-03 00:00:00"
68500,"HEYDON ROAD","1995-01-03 00:00:00"
68500,"DOWNFIELD ROAD","1995-01-03 00:00:00"
68500,"WESTMINSTER CLOSE","1995-01-03 00:00:00"
68500,"BOWLING GREEN CLOSE","1995-01-03 00:00:00"
68800,"CROMWELL ROAD","1995-01-03 00:00:00"
69000,"OLD BROMPTON ROAD","1995-01-03 00:00:00"
69000,"BROWNING CLOSE","1995-01-03 00:00:00"
69000,"NORTH BRIDGE STREET","1995-01-03 00:00:00"
69500,"GERYLLAN","1995-01-03 00:00:00"
69500,"GLENELG ROAD","1995-01-03 00:00:00"
69500,"BAVERSTOCK ROAD","1995-01-03 00:00:00"
69500,"PENDRAGON WALK","1995-01-03 00:00:00"
69950,"JOICEY ROAD","1995-01-03 00:00:00"
69995,"WHITESMITH DRIVE","1995-01-03 00:00:00"
70000,"WHITAKER GARDENS","1995-01-03 00:00:00"
70000,"STOCKWELL ROAD","1995-01-03 00:00:00"
70000,"","1995-01-03 00:00:00"
70000,"WINSTON ROAD","1995-01-03 00:00:00"
70000,"PINEWOOD ROAD","1995-01-03 00:00:00"
70000,"WYNDHAM CRESCENT","1995-01-03 00:00:00"
70000,"BARNBY LANE","1995-01-03 00:00:00"
70000,"SOUTH AVENUE","1995-01-03 00:00:00"
70000,"TURNERS AVENUE","1995-01-03 00:00:00"
70000,"UPHILL CLOSE","1995-01-03 00:00:00"
70000,"THE CROFT","1995-01-03 00:00:00"
70000,"YARNINGALE ROAD","1995-01-03 00:00:00"
70000,"HAVEN AVENUE","1995-01-03 00:00:00"
70000,"WORDSWORTH CLOSE","1995-01-03 00:00:00"
70000,"HARTINGTON PLACE","1995-01-03 00:00:00"
70000,"BARBICAN ROAD","1995-01-03 00:00:00"
70500,"OLLERTON","1995-01-03 00:00:00"
70500,"CASTLETON","1995-01-03 00:00:00"
71000,"CWMAVON ROAD","1995-01-03 00:00:00"
71000,"DEANSFIELD CLOSE","1995-01-03 00:00:00"
71000,"LAUSANNE ROAD","1995-01-03 00:00:00"
71000,"ULLSWATER CLOSE","1995-01-03 00:00:00"
71000,"LANGDON PARK ROAD","1995-01-03 00:00:00"
71000,"MEDFIELD STREET","1995-01-03 00:00:00"
71500,"SILVERDALE","1995-01-03 00:00:00"
71500,"FARM DRIVE","1995-01-03 00:00:00"
71500,"OAKWOOD ROAD","1995-01-03 00:00:00"
72000,"EASTBOURNE ROAD","1995-01-03 00:00:00"
72000,"STREETSBROOK ROAD","1995-01-03 00:00:00"
72000,"UPTON GRANGE","1995-01-03 00:00:00"
72000,"KINGSDOWN CLOSE","1995-01-03 00:00:00"
72000,"MILL STREET","1995-01-03 00:00:00"
72500,"WAVERLEY AVENUE","1995-01-03 00:00:00"
72500,"OLD STATION YARD","1995-01-03 00:00:00"
72500,"RUDGWICK AVENUE","1995-01-03 00:00:00"
72500,"LEWINGTON MEWS","1995-01-03 00:00:00"
72500,"UPSHIRE ROAD","1995-01-03 00:00:00"
72500,"GLOUCESTER ROAD","1995-01-03 00:00:00"
73000,"WINDFIELD CLOSE","1995-01-03 00:00:00"
73000,"SPRINGFIELD","1995-01-03 00:00:00"
73500,"THE STREET","1995-01-03 00:00:00"
73500,"CEDAR DRIVE","1995-01-03 00:00:00"
74000,"HORTON AVENUE","1995-01-03 00:00:00"
74000,"WILLAND OLD VILLAGE","1995-01-03 00:00:00"
74000,"HUNTERS HILL","1995-01-03 00:00:00"
74000,"HAIG GARDENS","1995-01-03 00:00:00"
74250,"MARSTON ROAD","1995-01-03 00:00:00"
74500,"HAGLEY ROAD WEST","1995-01-03 00:00:00"
75000,"BLINCO LANE","1995-01-03 00:00:00"
75000,"VICTORIA MOUNT","1995-01-03 00:00:00"
75000,"THEODORE ROAD","1995-01-03 00:00:00"
75000,"BEAUCHAMP GARDENS","1995-01-03 00:00:00"
75000,"QUEENS ROAD","1995-01-03 00:00:00"
75000,"BIRK AVENUE","1995-01-03 00:00:00"
75000,"QUEENSWAY","1995-01-03 00:00:00"
75000,"PETERHOUSE CLOSE","1995-01-03 00:00:00"
75000,"","1995-01-03 00:00:00"
75000,"CEDAR HALL","1995-01-03 00:00:00"
75000,"ACRIS STREET","1995-01-03 00:00:00"
75000,"FARRIERS WAY","1995-01-03 00:00:00"
75000,"LINDI AVENUE","1995-01-03 00:00:00"
75000,"ORCHARD VIEW","1995-01-03 00:00:00"
75000,"SALISBURY ROAD","1995-01-03 00:00:00"
75100,"STANFORD HALL CRESCENT","1995-01-03 00:00:00"
75500,"SALISBURY CLOSE","1995-01-03 00:00:00"
76000,"","1995-01-03 00:00:00"
76000,"HALLFIELD ESTATE","1995-01-03 00:00:00"
76000,"SPRINGBOURNE COURT","1995-01-03 00:00:00"
76000,"SEAFORTH ROAD","1995-01-03 00:00:00"
76000,"MILBOROUGH CRESCENT","1995-01-03 00:00:00"
76500,"GILDERDALE COURT","1995-01-03 00:00:00"
77000,"WULFSTAN STREET","1995-01-03 00:00:00"
77000,"LEYSWOOD DRIVE","1995-01-03 00:00:00"
77005,"ASHLEIGH ROAD","1995-01-03 00:00:00"
77500,"LANGLER ROAD","1995-01-03 00:00:00"
78000,"HIGH STREET","1995-01-03 00:00:00"
78000,"THIRLMERE AVENUE","1995-01-03 00:00:00"
78000,"OLD WORKHOUSE YARD","1995-01-03 00:00:00"
78000,"MOOR LANE","1995-01-03 00:00:00"
78000,"HANMER ROAD","1995-01-03 00:00:00"
78000,"CROWN GARDENS","1995-01-03 00:00:00"
78500,"PARK LANE","1995-01-03 00:00:00"
78500,"HILLSIDE AVENUE","1995-01-03 00:00:00"
78500,"SLEAFORD STREET","1995-01-03 00:00:00"
78500,"GATESBRIDGE PARK","1995-01-03 00:00:00"
78950,"VICTORY ROAD","1995-01-03 00:00:00"
79000,"MILL ROAD","1995-01-03 00:00:00"
79500,"PORTMAN ROAD","1995-01-03 00:00:00"
79500,"TUDOR ROAD","1995-01-03 00:00:00"
79500,"","1995-01-03 00:00:00"
79950,"DANFORD LANE","1995-01-03 00:00:00"
79950,"HAMMERSMITH GROVE","1995-01-03 00:00:00"
80000,"","1995-01-03 00:00:00"
80000,"JACKROYD LANE","1995-01-03 00:00:00"
80000,"PEN Y BRYN","1995-01-03 00:00:00"
80000,"JOHNSDALE","1995-01-03 00:00:00"
80000,"MARABOUT CLOSE","1995-01-03 00:00:00"
80000,"NEWTOWN","1995-01-03 00:00:00"
80000,"","1995-01-03 00:00:00"
80500,"ST GEORGES ROAD","1995-01-03 00:00:00"
80600,"KHARTOUM ROAD","1995-01-03 00:00:00"
80600,"GREAT CAMBRIDGE ROAD","1995-01-03 00:00:00"
81000,"BOURNEMOUTH ROAD","1995-01-03 00:00:00"
82000,"CARDINAL AVENUE","1995-01-03 00:00:00"
82000,"HAMMERSTONES ROAD","1995-01-03 00:00:00"
82000,"MOUNT ROAD","1995-01-03 00:00:00"
82000,"NANSLOE CLOSE","1995-01-03 00:00:00"
82000,"COPELAND DRIVE","1995-01-03 00:00:00"
82000,"LINDEN STREET","1995-01-03 00:00:00"
82500,"LEADALE AVENUE","1995-01-03 00:00:00"
82500,"SHEFFORD CRESCENT","1995-01-03 00:00:00"
82500,"GLOVERS FIELD","1995-01-03 00:00:00"
82500,"KINGSLAND DRIVE","1995-01-03 00:00:00"
82500,"GOLF LINKS CRESCENT","1995-01-03 00:00:00"
82950,"MARSHALL ROAD","1995-01-03 00:00:00"
83000,"THE VALE","1995-01-03 00:00:00"
83500,"MANOR FIELDS","1995-01-03 00:00:00"
83950,"ALPINE CLOSE","1995-01-03 00:00:00"
83950,"PINDERS GREEN DRIVE","1995-01-03 00:00:00"
84000,"CAPTHORNE AVENUE","1995-01-03 00:00:00"
84000,"MALDON ROAD","1995-01-03 00:00:00"
84000,"BULLWELL CRESCENT","1995-01-03 00:00:00"
84000,"SWALLOW HOUSE LANE","1995-01-03 00:00:00"
84500,"CHURCH AVENUE","1995-01-03 00:00:00"
84500,"COPPERWOOD DRIVE","1995-01-03 00:00:00"
85000,"NORTH GROVE APPROACH","1995-01-03 00:00:00"
85000,"BEECHWAY","1995-01-03 00:00:00"
85000,"HOUGHTON CLOSE","1995-01-03 00:00:00"
85000,"OULTON CRESCENT","1995-01-03 00:00:00"
85000,"COLLEGE ROAD","1995-01-03 00:00:00"
85000,"MARLBOROUGH ROAD","1995-01-03 00:00:00"
85000,"BRIGHTON ROAD","1995-01-03 00:00:00"
85000,"SIXTY ACRES CLOSE","1995-01-03 00:00:00"
85000,"ROSE COTTAGES","1995-01-03 00:00:00"
85175,"THE PLIES","1995-01-03 00:00:00"
86000,"THORPE FIELD","1995-01-03 00:00:00"
86000,"QUEBEC STREET","1995-01-03 00:00:00"
86000,"SANDHILL DRIVE","1995-01-03 00:00:00"
86000,"WINNINGTON ROAD","1995-01-03 00:00:00"
86000,"KEEP HILL ROAD","1995-01-03 00:00:00"
86750,"BUTTS HILL","1995-01-03 00:00:00"
86950,"SCHOOL LANE","1995-01-03 00:00:00"
87000,"LANGLAND CLOSE","1995-01-03 00:00:00"
87000,"CANNONS CLOSE","1995-01-03 00:00:00"
87000,"FERRYMEAD AVENUE","1995-01-03 00:00:00"
87000,"PARSONSFIELD CLOSE","1995-01-03 00:00:00"
87895,"FALSTONE DRIVE","1995-01-03 00:00:00"
88000,"MARLFIELD ROAD","1995-01-03 00:00:00"
88000,"WOODFALL AVENUE","1995-01-03 00:00:00"
88000,"HYDE ABBEY ROAD","1995-01-03 00:00:00"
88700,"MIMMS HALL ROAD","1995-01-03 00:00:00"
88950,"OLD RIVER CLOSE","1995-01-03 00:00:00"
88950,"WORDSWORTH CLOSE","1995-01-03 00:00:00"
89000,"CARPENDERS AVENUE","1995-01-03 00:00:00"
89500,"RICHMOND MOUNT","1995-01-03 00:00:00"
89500,"CHURCH LANE","1995-01-03 00:00:00"
89500,"THE LONG SHOOT","1995-01-03 00:00:00"
90000,"THE MEWS","1995-01-03 00:00:00"
90000,"FIELDGATE DRIVE","1995-01-03 00:00:00"
90000,"MAIN STREET","1995-01-03 00:00:00"
90000,"HARBOUR ROAD","1995-01-03 00:00:00"
90000,"EASTVILLE","1995-01-03 00:00:00"
90950,"TEST CLOSE","1995-01-03 00:00:00"
91000,"SCARCROFT ROAD","1995-01-03 00:00:00"
91000,"ROYAL CRESCENT","1995-01-03 00:00:00"
91000,"RUTLAND ROAD","1995-01-03 00:00:00"
